"","Diet","Total Species Richness","Proportion of Richness","Proportion of Observations"
"1","avivore",3,2.02702702702703,0.0991496014948709
"2","carnivore",24,16.2162162162162,6.05765930671548
"3","herbivore",30,20.2702702702703,29.5561148609999
"4","insectivore",44,29.7297297297297,27.1593639171719
"5","omnivore",42,28.3783783783784,37.0876711283987
"6","piscivore",5,3.37837837837838,0.0400411852190825
